wn_id;unieke_id;naam_nl;naam_lat;datum;maand;invoerdatum;aantal;gedrag;methode;kleed;geslacht;x;y;lon;lat;utm1;gebied;gemeente;deelgemeente;provincie;typewaarneming;zeker;status;embargo_datum;toestemming_wnr;bijzonderheden;precisie;soortgroep;familie;aanleverdatum;id_species;id_species_type;zeldzaamheid
69461608;69461608;Alpenrus;Juncus alpinoarticulatus;;6;29/06/2012;1;ter plaatse;onbekend;onbekend;onbekend;205638.4023273821;211647.95321438927;5.16499042511;51.2120991581;FS5175;  ;Mol;Mol;Antwerpen;Unknown;J;Goedgekeurd op basis van expertoordeel;1/01/1980;1;olv Andre Vanhoof;100.0;Planten;Juncaceae;2/06/2026;17123;S;zeer zeldzaam
69409994;69409994;Alpenrus;Juncus alpinoarticulatus;;6;26/06/2012;1;ter plaatse;onbekend;onbekend;onbekend;206630.74596944815;212227.7288640542;5.17928123474;51.2172135274;FS5276;Mol - Buitengoor;Mol;Mol;Antwerpen;Unknown;J;Goedgekeurd op basis van expertoordeel;1/01/1980;1;excursie olv André Vanhoof;10.0;Planten;Juncaceae;2/06/2026;17123;S;zeer zeldzaam
161970106;161970106;Alpenrus;Juncus alpinoarticulatus;2018-08-28;8;2018-08-31;3;ter plaatse;onbekend;onbekend;onbekend;206626.28955160917;212037.86651728489;5.1791877746582;51.2155075073242;FS5276;Mol - Buitengoor;Mol;Mol;Antwerpen;ObsMapp;J;Goedgekeurd op basis van kennisregels - nabijheid;2007-01-01;3;;25;Planten;Juncaceae;2026-06-02;17123;S;zeer zeldzaam
138841672;138841672;Alpenrus;Juncus alpinoarticulatus;2017-05-21;5;2017-05-23;1;ter plaatse;onbekend;onbekend;onbekend;206634.8111154699;212040.84157464743;5.17931019;51.21553341;FS5276;Mol - Buitengoor;Mol;Mol;Antwerpen;ObsMapp;J;Goedgekeurd op basis van kennisregels - nabijheid;2007-01-01;3;;25;Planten;Juncaceae;2026-06-02;17123;S;zeer zeldzaam
251378515;251378515;Alpenrus;Juncus alpinoarticulatus;2022-07-27;7;2022-08-04;100;ter plaatse;onbekend;onbekend;onbekend;205189.89324110912;213267.64249402095;5.1588191986084;51.2266998291016;FS5077;Molse zandputten - Grote Zandput;Dessel;Dessel;Antwerpen;ObsMapp;J;Goedgekeurd op basis van bewijsmateriaal;2007-01-01;3;;3;Planten;Juncaceae;2026-06-02;17123;S;zeer zeldzaam
196703046;196703046;Alpenrus;Juncus alpinoarticulatus;2020-07-21;7;2020-07-21;1;ter plaatse;onbekend;onbekend;onbekend;205405.08654632728;211800.08901156575;5.161675;51.213489;FS5075;  ;Mol;Mol;Antwerpen;Site;J;Goedgekeurd op basis van bewijsmateriaal;1980-01-01;3;;25;Planten;Juncaceae;2026-06-02;17123;S;zeer zeldzaam
367845189;367845189;Alpenrus;Juncus alpinoarticulatus;2025-08-10;8;2025-08-10;1;ter plaatse;onbekend;bloeiend;onbekend;206421.25024051176;212068.60399313737;5.176258290155723;51.21580386730695;FS5176;Mol - Buitengoor N;Mol;Mol;Antwerpen;iObs;J;Goedgekeurd op basis van kennisregels - automatische beeldherkenning (NIA);2026-08-10;3;;6;Planten;Juncaceae;2026-06-02;17123;S;zeer zeldzaam
221596745;221596745;Alpenrus;Juncus alpinoarticulatus;2021-07-31;7;2021-07-31;1;ter plaatse;onbekend;onbekend;onbekend;205401.34657360517;211797.56172702368;5.16162109375;51.2134666442871;FS5075;  ;Mol;Mol;Antwerpen;ObsMapp;J;Goedgekeurd op basis van kennisregels - nabijheid;2007-01-01;3;;4;Planten;Juncaceae;2026-06-02;17123;S;zeer zeldzaam
359515260;359515260;Alpenrus;Juncus alpinoarticulatus;2025-06-28;6;2025-06-28;1;ter plaatse;veldwaarneming;vruchtdragend;onbekend;206441.2301911824;212097.57008328475;5.176548734307289;51.21606225584282;FS5276;Mol - Buitengoor N;Mol;Mol;Antwerpen;ObsMapp;J;Goedgekeurd op basis van kennisregels - nabijheid;1980-01-01;4;;5;Planten;Juncaceae;2026-06-02;17123;S;zeer zeldzaam
247827494;247827494;Alpenrus;Juncus alpinoarticulatus;2022-07-03;7;2022-07-03;1;ter plaatse;onbekend;onbekend;onbekend;205413.84822979625;211793.8755220538;5.16179943084717;51.2134323120117;FS5075;  ;Mol;Mol;Antwerpen;ObsMapp;J;Goedgekeurd op basis van expertoordeel;2007-01-01;3;;3;Planten;Juncaceae;2026-06-02;17123;S;zeer zeldzaam
124414175;124414175;Alpenrus;Juncus alpinoarticulatus;2016-10-06;10;2016-10-09;1;ter plaatse;onbekend;onbekend;onbekend;206656.035994014;212178.00699396335;5.17963539;51.21676415;FS5276;Mol - Buitengoor N;Mol;Mol;Antwerpen;ObsMapp;J;Goedgekeurd op basis van kennisregels - nabijheid;2007-01-01;3;;25;Planten;Juncaceae;2026-06-02;17123;S;zeer zeldzaam
179247613;179247613;Alpenrus;Juncus alpinoarticulatus;2019-09-06;9;2019-09-09;1;ter plaatse;onbekend;onbekend;onbekend;205403.7432487772;211813.31467600632;5.1616578;51.213608;FS5075;  ;Mol;Mol;Antwerpen;copied observation;J;Goedgekeurd op basis van expertoordeel;1980-01-01;3;;25;Planten;Juncaceae;2026-06-02;17123;S;zeer zeldzaam
196804352;196804352;Alpenrus;Juncus alpinoarticulatus;2020-07-22;7;2020-07-22;10;ter plaatse;veldwaarneming;onbekend;onbekend;205406.2699021436;211793.9823221229;5.161691;51.213434;FS5075;  ;Mol;Mol;Antwerpen;Site;J;Goedgekeurd op basis van bewijsmateriaal;1980-01-01;3;;5;Planten;Juncaceae;2026-06-02;17123;S;zeer zeldzaam
220619946;220619946;Alpenrus;Juncus alpinoarticulatus;2021-07-21;7;2021-07-21;1;ter plaatse;veldwaarneming;bloeiend;onbekend;205406.56694429604;211798.88096718583;5.161696;51.213478;FS5075;  ;Mol;Mol;Antwerpen;ObsMapp;J;Goedgekeurd op basis van bewijsmateriaal;2007-01-01;3;;4;Planten;Juncaceae;2026-06-02;17123;S;zeer zeldzaam
179123639;179123639;Alpenrus;Juncus alpinoarticulatus;2019-09-06;9;2019-09-06;1;ter plaatse;onbekend;onbekend;onbekend;205403.7432487772;211813.31467600632;5.1616578;51.213608;FS5075;  ;Mol;Mol;Antwerpen;Site;J;Goedgekeurd op basis van bewijsmateriaal;1980-01-01;3;;25;Planten;Juncaceae;2026-06-02;17123;S;zeer zeldzaam
86464929;86464929;Alpenrus;Juncus alpinoarticulatus;2014-07-18;7;2014-07-19;1;ter plaatse;onbekend;onbekend;onbekend;206571.2072540472;212117.8729029894;5.178412;51.216232;FS5276;Mol - Buitengoor;Mol;Mol;Antwerpen;ObsMapp;J;Goedgekeurd op basis van kennisregels - nabijheid;2007-01-01;3;;25;Planten;Juncaceae;2026-06-02;17123;S;zeer zeldzaam
162392547;162392547;Alpenrus;Juncus alpinoarticulatus;1989-07-15;7;2018-09-11;1;ter plaatse;veldwaarneming;onbekend;onbekend;206451.91552154557;211943.8885861626;5.1766777;51.21467994;FS5275;Mol - Buitengoor;Mol;Mol;Antwerpen;Site;J;Goedgekeurd op basis van expertoordeel;1980-01-01;4;;100;Planten;Juncaceae;2026-06-02;17123;S;zeer zeldzaam
217523804;217523804;Alpenrus;Juncus alpinoarticulatus;2021-06-19;6;2021-06-19;1;ter plaatse;veldwaarneming;bloeiend;onbekend;206683.65895199947;211983.7424324602;5.18000030517578;51.215015411377;FS5275;Mol - Buitengoor;Mol;Mol;Antwerpen;ObsMapp;J;Goedgekeurd op basis van kennisregels - nabijheid;2007-01-01;3;;5;Planten;Juncaceae;2026-06-02;17123;S;zeer zeldzaam
217922186;217922186;Alpenrus;Juncus alpinoarticulatus;2021-06-19;6;2021-06-23;1;ter plaatse;veldwaarneming;bloeiend;onbekend;206482.68613299093;212110.34315926768;5.177144;51.216173;FS5276;Mol - Buitengoor N;Mol;Mol;Antwerpen;Site;J;Goedgekeurd op basis van kennisregels - nabijheid;1980-01-01;3;;25;Planten;Juncaceae;2026-06-02;17123;S;zeer zeldzaam
126607365;126607365;Alpenrus;Juncus alpinoarticulatus;2016-11-13;11;2016-11-13;1;ter plaatse;onbekend;onbekend;onbekend;206657.7778703479;212239.32312839665;5.17966991;51.21731508;FS5276;Mol - Buitengoor;Mol;Mol;Antwerpen;copied observation;J;Goedgekeurd op basis van kennisregels - nabijheid;2007-01-01;3;;25;Planten;Juncaceae;2026-06-02;17123;S;zeer zeldzaam
140416971;140416971;Alpenrus;Juncus alpinoarticulatus;2017-06-17;6;2017-06-17;1;ter plaatse;onbekend;onbekend;onbekend;206730.94920808775;212268.25139291864;5.18072162;51.21756789;FS5276;Mol - Buitengoor;Mol;Mol;Antwerpen;ObsMapp;J;Goedgekeurd op basis van bewijsmateriaal;2007-01-01;3;;25;Planten;Juncaceae;2026-06-02;17123;S;zeer zeldzaam
108929697;108929697;Alpenrus;Juncus alpinoarticulatus;2015-09-26;9;2015-09-26;1;ter plaatse;onbekend;onbekend;onbekend;206524.78702862895;212057.95754032023;5.17773833;51.21569804;FS5276;Mol - Buitengoor N;Mol;Mol;Antwerpen;copied observation;J;Goedgekeurd op basis van bewijsmateriaal;2007-01-01;3;;25;Planten;Juncaceae;2026-06-02;17123;S;zeer zeldzaam
138489345;138489345;Alpenrus;Juncus alpinoarticulatus;2017-05-16;5;2017-05-16;1;ter plaatse;onbekend;onbekend;onbekend;206635.3497883883;212043.6204566304;5.17931833333333;51.2155583333333;FS5276;Mol - Buitengoor N;Mol;Mol;Antwerpen;ObsMapp;J;Goedgekeurd op basis van kennisregels - nabijheid;2007-01-01;3;;25;Planten;Juncaceae;2026-06-02;17123;S;zeer zeldzaam
40181024;40181024;Alpenrus;Juncus alpinoarticulatus;2008-08-02;8;2008-08-04;1;ter plaatse;onbekend;onbekend;onbekend;206709.30004784252;212174.0053833416;5.1803970336914;51.21672294898;FS5276;Mol - Buitengoor en omgeving;Mol;Mol;Antwerpen;Site;J;Goedgekeurd op basis van bewijsmateriaal;1980-01-01;4;KNNV-excursie olv J Dirkx (Natuurpunt);100;Planten;Juncaceae;2026-06-02;17123;S;zeer zeldzaam
78752705;78752705;Alpenrus;Juncus alpinoarticulatus;2013-08-28;8;2013-08-28;1;ter plaatse;onbekend;onbekend;onbekend;206473.64109074924;212047.10017339975;5.17700469602;51.2156054659;FS5276;Mol - Buitengoor;Mol;Mol;Antwerpen;Site;J;Goedgekeurd op basis van bewijsmateriaal;1980-01-01;3;;581;Planten;Juncaceae;2026-06-02;17123;S;zeer zeldzaam
43706072;43706072;Alpenrus;Juncus alpinoarticulatus;2009-07-04;7;2009-07-05;1;ter plaatse;onbekend;onbekend;onbekend;206643.3357453787;212173.2841237681;5.17945289612;51.216722949;FS5276;Mol - Buitengoor en omgeving;Mol;Mol;Antwerpen;Site;J;Goedgekeurd op basis van bewijsmateriaal;1980-01-01;4;KNNV-excursie olv Jan Dirkx_ Natuurpunt;999;Planten;Juncaceae;2026-06-02;17123;S;zeer zeldzaam
235754423;235754423;Alpenrus;Juncus alpinoarticulatus;2021-08-21;8;2022-03-20;1;ter plaatse;veldwaarneming;bloeiend;onbekend;205397.6845888537;211794.127183998;5.16156816482544;51.213436126709;FS5075;  ;Mol;Mol;Antwerpen;ObsMapp;J;Goedgekeurd op basis van bewijsmateriaal;2007-01-01;3;;999;Planten;Juncaceae;2026-06-02;17123;S;zeer zeldzaam
283044765;283044765;Alpenrus;Juncus alpinoarticulatus;2023-08-04;8;2023-08-05;1;natuurlijk;veldwaarneming;vegetatief;onbekend;206429.8989444985;212065.0637582224;5.17638150909253;51.21577120195051;FS5176;Mol - Buitengoor N;Mol;Mol;Antwerpen;copied observation;J;Goedgekeurd op basis van expertoordeel;1980-01-01;3;;24;Planten;Juncaceae;2026-06-02;17123;S;zeer zeldzaam
212977049;212977049;Alpenrus;Juncus alpinoarticulatus;2020-08-29;8;2021-05-08;1;ter plaatse;onbekend;onbekend;onbekend;206683.41392236887;211985.0291153835;5.179997;51.215027;FS5275;Mol - Buitengoor;Mol;Mol;Antwerpen;ObsMapp;J;Goedgekeurd op basis van bewijsmateriaal;2007-01-01;3;;8;Planten;Juncaceae;2026-06-02;17123;S;zeer zeldzaam
316431022;316431022;Alpenrus;Juncus alpinoarticulatus;2024-06-26;6;2024-06-27;1;ter plaatse;onbekend;onbekend;onbekend;205410.3001937032;211789.5749742165;5.161747999999989;51.213394;FS5075;  ;Mol;Mol;Antwerpen;Site;J;Goedgekeurd op basis van bewijsmateriaal;1980-01-01;3;;2;Planten;Juncaceae;2026-06-02;17123;S;zeer zeldzaam
280230600;280230600;Alpenrus;Juncus alpinoarticulatus;2023-07-12;7;2023-07-12;1;ter plaatse;onbekend;onbekend;onbekend;205183.24872176943;213326.1141542578;5.158732999999984;51.227226;FS5077;Molse zandputten - Grote Zandput;Dessel;Dessel;Antwerpen;ObsMapp;J;Goedgekeurd op basis van expertoordeel;1980-01-01;3;;3;Planten;Juncaceae;2026-06-02;17123;S;zeer zeldzaam
316469695;316469695;Alpenrus;Juncus alpinoarticulatus;2024-06-26;6;2024-06-27;1;ter plaatse;onbekend;onbekend;onbekend;205409.811374114;211783.00536892004;5.161740000000009;51.213335;FS5075;  ;Mol;Mol;Antwerpen;iObs;J;Goedgekeurd op basis van bewijsmateriaal;1980-01-01;3;;4;Planten;Juncaceae;2026-06-02;17123;S;zeer zeldzaam
304947314;304947314;Alpenrus;Juncus alpinoarticulatus;2024-04-10;4;2024-04-13;1;ter plaatse;onbekend;onbekend;onbekend;206662.06938416825;212233.49412326328;5.179730415344238;51.217262268066406;FS5276;Mol - Buitengoor;Mol;Mol;Antwerpen;copied observation;J;Goedgekeurd op basis van kennisregels - nabijheid;2023-07-12;3;;3;Planten;Juncaceae;2026-06-02;17123;S;zeer zeldzaam
359828063;359828063;Alpenrus;Juncus alpinoarticulatus;2025-06-28;6;2025-06-29;1;ter plaatse;onbekend;vruchtdragend;onbekend;206439.27440630028;211899.1614113264;5.17648983001709;51.21427917480469;FS5275;Mol - Buitengoor;Mol;Mol;Antwerpen;ObsMapp;J;Goedgekeurd op basis van kennisregels - nabijheid;1980-01-01;4;;3;Planten;Juncaceae;2026-06-02;17123;S;zeer zeldzaam
223681795;223681795;Alpenrus;Juncus alpinoarticulatus;2021-08-21;8;2021-08-22;1;ter plaatse;onbekend;onbekend;onbekend;205419.8722780889;211770.76298606957;5.1618821;51.213224;FS5075;  ;Mol;Mol;Antwerpen;ObsIdentify;J;Goedgekeurd op basis van bewijsmateriaal;1980-01-01;3;;30;Planten;Juncaceae;2026-06-02;17123;S;zeer zeldzaam
121210950;121210950;Alpenrus;Juncus alpinoarticulatus;2016-07-10;7;2016-07-11;1;ter plaatse;onbekend;onbekend;onbekend;205407.52571905017;211795.77585863692;5.1617092452943;51.213449999484;FS5075;  ;Mol;Mol;Antwerpen;Site;J;Goedgekeurd op basis van expertoordeel;1980-01-01;4;;10;Planten;Juncaceae;2026-06-02;17123;S;zeer zeldzaam
222394500;222394500;Alpenrus;Juncus alpinoarticulatus;2021-08-08;8;2021-08-08;10;ter plaatse;veldwaarneming;vruchtdragend;onbekend;206622.52773833575;212031.0844142856;5.17913288;51.21544692;FS5276;Mol - Buitengoor;Mol;Mol;Antwerpen;Site;J;Goedgekeurd op basis van expertoordeel;1980-01-01;4;;10;Planten;Juncaceae;2026-06-02;17123;S;zeer zeldzaam
159675191;159675191;Alpenrus;Juncus alpinoarticulatus;2018-07-07;7;2018-07-08;20;ter plaatse;onbekend;onbekend;onbekend;205426.03936957623;211817.2847103104;5.16197747;51.21364154;FS5075;  ;Mol;Mol;Antwerpen;Site;J;Goedgekeurd op basis van expertoordeel;1980-01-01;4;;10;Planten;Juncaceae;2026-06-02;17123;S;zeer zeldzaam
86912751;86912751;Alpenrus;Juncus alpinoarticulatus;2014-07-23;7;2014-08-03;1;ter plaatse;onbekend;onbekend;onbekend;205407.47083045368;211791.2659338545;5.16170777;51.21340947;FS5075;  ;Mol;Mol;Antwerpen;ObsMapp;J;Goedgekeurd op basis van kennisregels - nabijheid;2007-01-01;3;Alpen;25;Planten;Juncaceae;2026-06-02;17123;S;zeer zeldzaam
71376853;71376853;Alpenrus;Juncus alpinoarticulatus;2012-06-17;6;2012-09-28;1;ter plaatse;onbekend;onbekend;onbekend;206642.6872626268;212198.32515288144;5.1794475317;51.2169480781;FS5276;Mol - Buitengoor;Mol;Mol;Antwerpen;Unknown;J;Goedgekeurd op basis van expertoordeel;2099-11-30;4;;10;Planten;Juncaceae;2026-06-02;17123;S;zeer zeldzaam
272082961;272082961;Alpenrus;Juncus alpinoarticulatus;2023-05-15;5;2023-05-17;1;ter plaatse;onbekend;onbekend;onbekend;206608.65794119495;211980.3762653917;5.178926467895508;51.21499252319336;FS5275;Mol - Buitengoor;Mol;Mol;Antwerpen;ObsMapp;J;Goedgekeurd op basis van kennisregels - nabijheid;1980-01-01;4;;3;Planten;Juncaceae;2026-06-02;17123;S;zeer zeldzaam
281581279;281581279;Alpenrus;Juncus alpinoarticulatus;2023-07-21;7;2023-07-23;1;ter plaatse;onbekend;bloeiend;onbekend;206527.07446003304;212192.54829629045;5.17779207;51.2169075;FS5276;Mol - Buitengoor N;Mol;Mol;Antwerpen;ObsMapp;J;Goedgekeurd op basis van bewijsmateriaal;1980-01-01;3;determinatie Steven Jacobs;3;Planten;Juncaceae;2026-06-02;17123;S;zeer zeldzaam
119571008;119571008;Alpenrus;Juncus alpinoarticulatus;2016-06-02;6;2016-06-05;3;ter plaatse;onbekend;onbekend;onbekend;206555.13542936897;212094.457312366;5.17817834;51.21602312;FS5276;Mol - Buitengoor N;Mol;Mol;Antwerpen;ObsMapp;J;Goedgekeurd op basis van expertoordeel;2007-01-01;4;;25;Planten;Juncaceae;2026-06-02;17123;S;zeer zeldzaam
142185094;142185094;Alpenrus;Juncus alpinoarticulatus;2017-07-29;7;2017-07-29;1;ter plaatse;onbekend;onbekend;onbekend;209364.38123550537;210261.03674514685;5.21808066;51.1992623;FS5474;Bankei;Mol;Mol;Antwerpen;ObsMapp;J;Goedgekeurd op basis van expertoordeel;2007-01-01;3;;10;Planten;Juncaceae;2026-06-02;17123;S;zeer zeldzaam
255662593;255662593;Alpenrus;Juncus alpinoarticulatus;2022-09-26;9;2022-09-28;1;ter plaatse;onbekend;onbekend;onbekend;206554.5255375788;212174.59749115535;5.17818212509155;51.2167434692383;FS5276;Mol - Buitengoor N;Mol;Mol;Antwerpen;ObsMapp;J;Goedgekeurd op basis van expertoordeel;2007-01-01;4;;1;Planten;Juncaceae;2026-06-02;17123;S;zeer zeldzaam
124461313;124461313;Alpenrus;Juncus alpinoarticulatus;2016-10-06;10;2016-10-11;1;ter plaatse;onbekend;onbekend;onbekend;205407.05809153465;211779.08181556128;5.1617;51.2133;FS5075;  ;Mol;Mol;Antwerpen;iObs;J;Goedgekeurd op basis van kennisregels - nabijheid;2007-01-01;3;;5;Planten;Juncaceae;2026-06-02;17123;S;zeer zeldzaam
122572971;122572971;Alpenrus;Juncus alpinoarticulatus;2016-07-14;7;2016-08-17;1;ter plaatse;onbekend;onbekend;onbekend;206583.11135892212;212110.38590167928;5.17858119;51.21616354;FS5276;Mol - Buitengoor N;Mol;Mol;Antwerpen;ObsMapp;J;Goedgekeurd op basis van kennisregels - nabijheid;2007-01-01;4;;25;Planten;Juncaceae;2026-06-02;17123;S;zeer zeldzaam
126605014;126605014;Alpenrus;Juncus alpinoarticulatus;2016-11-13;11;2016-11-13;1;ter plaatse;onbekend;onbekend;onbekend;206657.7778703479;212239.32312839665;5.17966991;51.21731508;FS5276;Mol - Buitengoor;Mol;Mol;Antwerpen;ObsMapp;J;Goedgekeurd op basis van kennisregels - nabijheid;2007-01-01;4;;25;Planten;Juncaceae;2026-06-02;17123;S;zeer zeldzaam
320336609;320336609;Alpenrus;Juncus alpinoarticulatus;2024-07-14;7;2024-07-22;100;natuurlijk;veldwaarneming;vruchtdragend;onbekend;206487.23615110363;211897.99547000692;5.177176000000031;51.214264;FS5275;Mol - Buitengoor;Mol;Mol;Antwerpen;Site;J;Goedgekeurd op basis van kennisregels - automatische beeldherkenning (NIA);1980-01-01;4;;15;Planten;Juncaceae;2026-06-02;17123;S;zeer zeldzaam
360624534;360624534;Alpenrus;Juncus alpinoarticulatus;2025-06-28;6;2025-07-03;1;ter plaatse;onbekend;bloeiend;onbekend;206439.2420624509;211902.13204733003;5.17648983001709;51.21430587768555;FS5275;Mol - Buitengoor;Mol;Mol;Antwerpen;ObsMapp;J;Goedgekeurd op basis van kennisregels - nabijheid;1980-01-01;3;;7;Planten;Juncaceae;2026-06-02;17123;S;zeer zeldzaam
114557356;114557356;Alpenrus;Juncus alpinoarticulatus;2016-02-10;2;2016-02-10;1;ter plaatse;onbekend;onbekend;onbekend;206581.77288254435;212167.26130965725;5.17857092;51.21667486;FS5276;Mol - Buitengoor N;Mol;Mol;Antwerpen;ObsMapp;J;Goedgekeurd op basis van kennisregels - nabijheid;2007-01-01;3;;25;Planten;Juncaceae;2026-06-02;17123;S;zeer zeldzaam
105498873;105498873;Alpenrus;Juncus alpinoarticulatus;2015-08-08;8;2015-08-17;1;ter plaatse;onbekend;onbekend;onbekend;206542.83033287988;211948.56784904652;5.17797946886;51.2147130906;FS5275;Mol - Buitengoor en Meergoor;Mol;Mol;Antwerpen;Site;J;Goedgekeurd op basis van bewijsmateriaal;1980-01-01;3;;10;Planten;Juncaceae;2026-06-02;17123;S;zeer zeldzaam
125824564;125824564;Alpenrus;Juncus alpinoarticulatus;2016-10-06;10;2016-10-23;1;ter plaatse;onbekend;onbekend;onbekend;206656.035994014;212178.00699396335;5.17963539;51.21676415;FS5276;Mol - Buitengoor N;Mol;Mol;Antwerpen;copied observation;J;Goedgekeurd op basis van bewijsmateriaal;2007-01-01;3;;25;Planten;Juncaceae;2026-06-02;17123;S;zeer zeldzaam
122098100;122098100;Alpenrus;Juncus alpinoarticulatus;2016-08-03;8;2016-08-03;1;ter plaatse;onbekend;onbekend;onbekend;206626.3151582573;212150.6925045373;5.17920578;51.21652157;FS5276;Mol - Buitengoor N;Mol;Mol;Antwerpen;ObsMapp;J;Goedgekeurd op basis van kennisregels - nabijheid;2007-01-01;3;;25;Planten;Juncaceae;2026-06-02;17123;S;zeer zeldzaam
119474677;119474677;Alpenrus;Juncus alpinoarticulatus;2016-06-02;6;2016-06-02;1;ter plaatse;onbekend;onbekend;onbekend;206559.01525729388;212095.9048722936;5.17823409;51.21603575;FS5276;Mol - Buitengoor N;Mol;Mol;Antwerpen;ObsMapp;J;Goedgekeurd op basis van kennisregels - nabijheid;2007-01-01;3;;25;Planten;Juncaceae;2026-06-02;17123;S;zeer zeldzaam
366455829;366455829;Alpenrus;Juncus alpinoarticulatus;2025-08-01;8;2025-08-02;1;ter plaatse;veldwaarneming;onbekend;onbekend;206439.3947859998;211903.4069908131;5.176492214202881;51.214317321777344;FS5275;Mol - Buitengoor;Mol;Mol;Antwerpen;ObsMapp;J;Goedgekeurd op basis van kennisregels - nabijheid;1980-01-01;3;;3;Planten;Juncaceae;2026-06-02;17123;S;zeer zeldzaam
360547840;360547840;Alpenrus;Juncus alpinoarticulatus;2025-06-28;6;2025-07-03;1;ter plaatse;onbekend;onbekend;onbekend;206442.8264410828;211903.4443554161;5.176541328430176;51.214317321777344;FS5275;Mol - Buitengoor;Mol;Mol;Antwerpen;ObsMapp;J;Goedgekeurd op basis van kennisregels - nabijheid;1980-01-01;3;;2;Planten;Juncaceae;2026-06-02;17123;S;zeer zeldzaam
366455837;366455837;Alpenrus;Juncus alpinoarticulatus;2025-08-01;8;2025-08-02;1;ter plaatse;veldwaarneming;onbekend;onbekend;206547.7213983544;212086.6668029176;5.178071022033691;51.2159538269043;FS5276;Mol - Buitengoor N;Mol;Mol;Antwerpen;ObsMapp;J;Goedgekeurd op basis van kennisregels - nabijheid;1980-01-01;3;;1;Planten;Juncaceae;2026-06-02;17123;S;zeer zeldzaam
366455836;366455836;Alpenrus;Juncus alpinoarticulatus;2025-08-01;8;2025-08-02;1;ter plaatse;veldwaarneming;onbekend;onbekend;206558.74624141952;212077.87411392387;5.178227424621582;51.21587371826172;FS5276;Mol - Buitengoor N;Mol;Mol;Antwerpen;ObsMapp;J;Goedgekeurd op basis van kennisregels - nabijheid;1980-01-01;3;;1;Planten;Juncaceae;2026-06-02;17123;S;zeer zeldzaam
72245936;72245936;Alpenrus;Juncus alpinoarticulatus;2012-06-17;6;2012-11-21;1;ter plaatse;onbekend;onbekend;onbekend;205626.15880902283;211621.8433764754;5.16481121412;51.2118656664;FS5175;  ;Mol;Mol;Antwerpen;Unknown;J;Goedgekeurd op basis van kennisregels - nabijheid;1980-01-01;3;;100;Planten;Juncaceae;2026-06-02;17123;S;zeer zeldzaam
72245500;72245500;Alpenrus;Juncus alpinoarticulatus;2012-06-17;6;2012-11-20;4;ter plaatse;onbekend;onbekend;onbekend;206626.0817891381;212194.64059318972;5.1792093111321;51.216916592467;FS5276;Mol - Buitengoor;Mol;Mol;Antwerpen;Unknown;J;Goedgekeurd op basis van bewijsmateriaal;1980-01-01;3;;10;Planten;Juncaceae;2026-06-02;17123;S;zeer zeldzaam
124321093;124321093;Alpenrus;Juncus alpinoarticulatus;2016-10-06;10;2016-10-07;1;ter plaatse;onbekend;onbekend;onbekend;205409.99243199456;211784.24118522555;5.16174278;51.21334609;FS5075;  ;Mol;Mol;Antwerpen;ObsMapp;J;Goedgekeurd op basis van expertoordeel;2007-01-01;3;;25;Planten;Juncaceae;2026-06-02;17123;S;zeer zeldzaam
122134896;122134896;Alpenrus;Juncus alpinoarticulatus;2016-08-03;8;2016-08-05;1;ter plaatse;onbekend;onbekend;onbekend;206626.52327926987;212141.68374169804;5.17920735;51.21644058;FS5276;Mol - Buitengoor N;Mol;Mol;Antwerpen;ObsMapp;J;Goedgekeurd op basis van kennisregels - nabijheid;2007-01-01;3;;25;Planten;Juncaceae;2026-06-02;17123;S;zeer zeldzaam
140907274;140907274;Alpenrus;Juncus alpinoarticulatus;2017-06-28;6;2017-06-28;1;ter plaatse;onbekend;onbekend;onbekend;206418.956403362;212235.94599145744;5.17625153;51.21730814;FS5176;Mol - Buitengoor N;Mol;Mol;Antwerpen;ObsMapp;J;Goedgekeurd op basis van kennisregels - nabijheid;2020-06-28;3;;25;Planten;Juncaceae;2026-06-02;17123;S;zeer zeldzaam
86728225;86728225;Alpenrus;Juncus alpinoarticulatus;2014-07-23;7;2014-07-28;1;ter plaatse;onbekend;onbekend;onbekend;205400.88170088164;211774.02568282463;5.16161084175;51.2132551493;FS5075;  ;Mol;Mol;Antwerpen;Site;J;Goedgekeurd op basis van bewijsmateriaal;1980-01-01;3;exc Slobkousjes olv André Vanhoof;10;Planten;Juncaceae;2026-06-02;17123;S;zeer zeldzaam
280230633;280230633;Alpenrus;Juncus alpinoarticulatus;2023-07-12;7;2023-07-12;1;ter plaatse;veldwaarneming;bloeiend;onbekend;205187.95331653807;213287.14551641236;5.158794403076172;51.22687530517578;FS5077;Molse zandputten - Grote Zandput;Dessel;Dessel;Antwerpen;ObsMapp;J;Goedgekeurd op basis van expertoordeel;1980-01-01;3;;3;Planten;Juncaceae;2026-06-02;17123;S;zeer zeldzaam
280230619;280230619;Alpenrus;Juncus alpinoarticulatus;2023-07-12;7;2023-07-12;1;ter plaatse;veldwaarneming;bloeiend;onbekend;205060.6586923259;213325.68766662013;5.156978130340576;51.22723388671875;FS5077;Molse zandputten - Grote Zandput;Dessel;Dessel;Antwerpen;ObsMapp;J;Goedgekeurd op basis van expertoordeel;1980-01-01;3;;4;Planten;Juncaceae;2026-06-02;17123;S;zeer zeldzaam
140866197;140866197;Alpenrus;Juncus alpinoarticulatus;2017-06-27;6;2017-06-27;1;ter plaatse;onbekend;onbekend;onbekend;206660.9378507452;212067.79303800408;5.1796883;51.21577308;FS5276;Mol - Buitengoor N;Mol;Mol;Antwerpen;ObsMapp;J;Goedgekeurd op basis van kennisregels - nabijheid;2020-06-27;3;;25;Planten;Juncaceae;2026-06-02;17123;S;zeer zeldzaam
120276347;120276347;Alpenrus;Juncus alpinoarticulatus;2016-06-22;6;2016-06-23;1;ter plaatse;onbekend;onbekend;onbekend;206620.16593905725;212036.9643525584;5.1791;51.2155;FS5276;Mol - Buitengoor;Mol;Mol;Antwerpen;iObs;J;Goedgekeurd op basis van bewijsmateriaal;2007-01-01;3;;5;Planten;Juncaceae;2026-06-02;17123;S;zeer zeldzaam
140866211;140866211;Alpenrus;Juncus alpinoarticulatus;2017-06-27;6;2017-06-27;1;ter plaatse;onbekend;onbekend;onbekend;206655.84215907607;212170.936456522;5.17963151;51.21670062;FS5276;Mol - Buitengoor N;Mol;Mol;Antwerpen;ObsMapp;J;Goedgekeurd op basis van kennisregels - nabijheid;2020-06-27;3;;25;Planten;Juncaceae;2026-06-02;17123;S;zeer zeldzaam
49098007;49098007;Alpenrus;Juncus alpinoarticulatus;2010-07-21;7;2010-07-22;1;ter plaatse;onbekend;onbekend;onbekend;206722.2247718137;212157.54767861683;5.1805794239;51.2165737583;FS5276;Mol - Buitengoor - Meergoor - Sluismeer;Mol;Mol;Antwerpen;Site;J;Goedgekeurd op basis van bewijsmateriaal;1980-01-01;3;tocht olv Jan Dirkx;999;Planten;Juncaceae;2026-06-02;17123;S;zeer zeldzaam
284985443;284985443;Alpenrus;Juncus alpinoarticulatus;2023-08-17;8;2023-08-19;1;natuurlijk;veldwaarneming;onbekend;onbekend;206525.87708686935;212199.37779600263;5.177775999999994;51.216969;FS5276;Mol - Buitengoor N;Mol;Mol;Antwerpen;ObsMapp;J;Goedgekeurd op basis van bewijsmateriaal;1980-01-01;3;;3;Planten;Juncaceae;2026-06-02;17123;S;zeer zeldzaam
81554605;81554605;Alpenrus;Juncus alpinoarticulatus;2013-08-13;8;2014-02-03;1;ter plaatse;onbekend;onbekend;onbekend;205995.9016722713;211844.72602071427;5.170136566953051;51.213833133250006;FS5175;Mol - Buitengoor en Meergoor;Mol;Mol;Antwerpen;Site;J;Goedgekeurd op basis van kennisregels - nabijheid;1980-01-01;3;Buitengoor;999;Planten;Juncaceae;2026-06-02;17123;S;zeer zeldzaam
120436056;120436056;Alpenrus;Juncus alpinoarticulatus;2016-06-27;6;2016-06-27;1;ter plaatse;onbekend;onbekend;onbekend;205410.2747972617;211784.3020590516;5.16174683;51.21334661;FS5075;  ;Mol;Mol;Antwerpen;ObsMapp;J;Goedgekeurd op basis van expertoordeel;2007-01-01;3;;25;Planten;Juncaceae;2026-06-02;17123;S;zeer zeldzaam
316432233;316432233;Alpenrus;Juncus alpinoarticulatus;2024-06-26;6;2024-06-27;1;ter plaatse;onbekend;onbekend;onbekend;205410.3001937032;211789.5749742165;5.161747999999989;51.213394;FS5075;  ;Mol;Mol;Antwerpen;copied observation;J;Goedgekeurd op basis van bewijsmateriaal;1980-01-01;3;;2;Planten;Juncaceae;2026-06-02;17123;S;zeer zeldzaam
81554604;81554604;Alpenrus;Juncus alpinoarticulatus;2010-07-21;7;2014-02-03;1;ter plaatse;onbekend;onbekend;onbekend;205995.9016722713;211844.72602071427;5.170136566953051;51.213833133250006;FS5175;Mol - Buitengoor en Meergoor;Mol;Mol;Antwerpen;Site;J;Goedgekeurd op basis van expertoordeel;1980-01-01;3;Buitengoor;999;Planten;Juncaceae;2026-06-02;17123;S;zeer zeldzaam
370828079;370828079;Alpenrus;Juncus alpinoarticulatus;2025-08-27;8;2025-08-28;1;ter plaatse;onbekend;onbekend;onbekend;206684.0600474977;212260.89792818853;5.180049419403076;51.217506408691406;FS5276;Mol - Buitengoor;Mol;Mol;Antwerpen;ObsMapp;J;Goedgekeurd op basis van kennisregels - nabijheid;1980-01-01;3;;3;Planten;Juncaceae;2026-06-02;17123;S;zeer zeldzaam
304595346;304595346;Alpenrus;Juncus alpinoarticulatus;2024-04-10;4;2024-04-12;1;ter plaatse;onbekend;onbekend;onbekend;206662.06938416825;212233.49412326328;5.179730415344238;51.217262268066406;FS5276;Mol - Buitengoor;Mol;Mol;Antwerpen;ObsMapp;J;Goedgekeurd op basis van kennisregels - nabijheid;2023-07-12;3;;3;Planten;Juncaceae;2026-06-02;17123;S;zeer zeldzaam
280249918;280249918;Alpenrus;Juncus alpinoarticulatus;2023-07-12;7;2023-07-13;1;ter plaatse;onbekend;onbekend;onbekend;205183.24872176943;213326.1141542578;5.158732999999984;51.227226;FS5077;Molse zandputten - Grote Zandput;Dessel;Dessel;Antwerpen;copied observation;J;Goedgekeurd op basis van expertoordeel;1980-01-01;3;;3;Planten;Juncaceae;2026-06-02;17123;S;zeer zeldzaam
285619039;285619039;Alpenrus;Juncus alpinoarticulatus;2023-08-17;8;2023-08-24;1;natuurlijk;veldwaarneming;vruchtdragend;onbekend;206520.632707088;212193.312508638;5.177699999999959;51.216915;FS5276;Mol - Buitengoor N;Mol;Mol;Antwerpen;ObsMapp;J;Goedgekeurd op basis van bewijsmateriaal;1980-01-01;3;;3;Planten;Juncaceae;2026-06-02;17123;S;zeer zeldzaam
304866536;304866536;Alpenrus;Juncus alpinoarticulatus;2024-04-13;4;2024-04-13;1;ter plaatse;onbekend;onbekend;onbekend;205407.8253844558;211799.32867722213;5.16171407699585;51.21348190307617;FS5075;  ;Mol;Mol;Antwerpen;ObsMapp;J;Goedgekeurd op basis van kennisregels - nabijheid;1980-01-01;3;;3;Planten;Juncaceae;2026-06-02;17123;S;zeer zeldzaam
69685355;69685355;Alpenrus;Juncus alpinoarticulatus;2012-06-17;6;2012-07-09;11;ter plaatse;onbekend;onbekend;onbekend;205626.25690196131;211626.9265715396;5.16481339833;51.2119113442;FS5175;  ;Mol;Mol;Antwerpen;Unknown;J;Goedgekeurd op basis van expertoordeel;1980-01-01;3;;100;Planten;Juncaceae;2026-06-02;17123;S;zeer zeldzaam
367859652;367859652;Alpenrus;Juncus alpinoarticulatus;2025-08-10;8;2025-08-10;1;ter plaatse;veldwaarneming;bloeiend;onbekend;206426.1564715767;212066.8339601457;5.176328226852095;51.21578747847378;FS5176;Mol - Buitengoor N;Mol;Mol;Antwerpen;iObs;J;Goedgekeurd op basis van kennisregels - automatische beeldherkenning (NIA);1980-01-01;3;;24;Planten;Juncaceae;2026-06-02;17123;S;zeer zeldzaam
69685042;69685042;Alpenrus;Juncus alpinoarticulatus;2012-06-17;6;2012-07-09;1;ter plaatse;onbekend;onbekend;onbekend;206670.23752090996;212181.2213860741;5.17983913323;51.2167916452;FS5276;Mol - Buitengoor;Mol;Mol;Antwerpen;Unknown;J;Goedgekeurd op basis van expertoordeel;1980-01-01;3;;10;Planten;Juncaceae;2026-06-02;17123;S;zeer zeldzaam
251186469;251186469;Alpenrus;Juncus alpinoarticulatus;2022-07-28;7;2022-08-02;20;natuurlijk;veldwaarneming;bloeiend;onbekend;206601.7564572501;212060.0932149822;5.17884016036987;51.2157096862793;FS5276;Mol - Buitengoor N;Mol;Mol;Antwerpen;ObsMapp;J;Goedgekeurd op basis van bewijsmateriaal;2007-01-01;3;;3;Planten;Juncaceae;2026-06-02;17123;S;zeer zeldzaam
283247884;283247884;Alpenrus;Juncus alpinoarticulatus;2023-08-06;8;2023-08-06;1;ter plaatse;onbekend;vruchtdragend;onbekend;205405.59320579065;211804.98989713192;5.161683000000039;51.213533;FS5075;  ;Mol;Mol;Antwerpen;Site;J;Goedgekeurd op basis van bewijsmateriaal;1980-01-01;3;;30;Planten;Juncaceae;2026-06-02;17123;S;zeer zeldzaam
282998139;282998139;Alpenrus;Juncus alpinoarticulatus;2023-08-04;8;2023-08-04;1;natuurlijk;veldwaarneming;vegetatief;onbekend;206429.8989444985;212065.0637582224;5.17638150909253;51.21577120195051;FS5176;Mol - Buitengoor N;Mol;Mol;Antwerpen;iObs;J;Goedgekeurd op basis van bewijsmateriaal;1980-01-01;3;;24;Planten;Juncaceae;2026-06-02;17123;S;zeer zeldzaam
219356052;219356052;Alpenrus;Juncus alpinoarticulatus;2021-07-07;7;2021-07-08;10;natuurlijk;veldwaarneming;bloeiend;onbekend;206646.82393462927;211979.09549543264;5.17947244644165;51.2149772644043;FS5275;Mol - Buitengoor;Mol;Mol;Antwerpen;ObsMapp;J;Goedgekeurd op basis van bewijsmateriaal;2007-01-01;3;;3;Planten;Juncaceae;2026-06-02;17123;S;zeer zeldzaam
285598706;285598706;Alpenrus;Juncus alpinoarticulatus;2023-08-24;8;2023-08-24;1;ter plaatse;onbekend;bloeiend;onbekend;206452.6709565356;212258.7392293448;5.176737582869794;51.21750970332734;FS5276;Mol - Buitengoor N;Mol;Mol;Antwerpen;iObs;J;Goedgekeurd op basis van expertoordeel;1980-01-01;3;;11;Planten;Juncaceae;2026-06-02;17123;S;zeer zeldzaam
284679847;284679847;Alpenrus;Juncus alpinoarticulatus;2023-08-17;8;2023-08-17;2;natuurlijk;veldwaarneming;bloeiend;onbekend;205409.46999673973;211795.10199814755;5.161736965179443;51.21344375610352;FS5075;  ;Mol;Mol;Antwerpen;ObsMapp;J;Goedgekeurd op basis van expertoordeel;1980-01-01;4;;3;Planten;Juncaceae;2026-06-02;17123;S;zeer zeldzaam
105995016;105995016;Alpenrus;Juncus alpinoarticulatus;2015-08-08;8;2015-09-04;1;ter plaatse;onbekend;vruchtdragend;onbekend;206625.1486785827;212009.93322433904;5.17916708108;51.2152565585;FS5276;Mol - Buitengoor en Meergoor;Mol;Mol;Antwerpen;Site;J;Goedgekeurd op basis van bewijsmateriaal;1980-01-01;3;;100;Planten;Juncaceae;2026-06-02;17123;S;zeer zeldzaam
359577070;359577070;Alpenrus;Juncus alpinoarticulatus;2025-06-28;6;2025-06-29;1;ter plaatse;onbekend;onbekend;onbekend;206440.94123189308;211902.15054791517;5.176514148712158;51.21430587768555;FS5275;Mol - Buitengoor;Mol;Mol;Antwerpen;ObsMapp;J;Goedgekeurd op basis van kennisregels - automatische beeldherkenning (NIA);1980-01-01;3;;3;Planten;Juncaceae;2026-06-02;17123;S;zeer zeldzaam
319865005;319865005;Alpenrus;Juncus alpinoarticulatus;2024-07-18;7;2024-07-19;1;ter plaatse;veldwaarneming;vruchtdragend;onbekend;205408.61718616108;211786.8202743139;5.161723494529156;51.21336940272108;FS5075;  ;Mol;Mol;Antwerpen;Site;J;Goedgekeurd op basis van bewijsmateriaal;1980-01-01;3;;4;Planten;Juncaceae;2026-06-02;17123;S;zeer zeldzaam
359561632;359561632;Alpenrus;Juncus alpinoarticulatus;2025-06-28;6;2025-06-28;1;ter plaatse;onbekend;onbekend;onbekend;206441.26978165517;211902.57855211943;5.17651891708374;51.21430969238281;FS5275;Mol - Buitengoor;Mol;Mol;Antwerpen;ObsMapp;J;Goedgekeurd op basis van kennisregels - automatische beeldherkenning (NIA);1980-01-01;3;;3;Planten;Juncaceae;2026-06-02;17123;S;zeer zeldzaam
309525839;309525839;Alpenrus;Juncus alpinoarticulatus;2024-04-13;4;2024-05-14;1;ter plaatse;onbekend;onbekend;onbekend;205407.8253844558;211799.32867722213;5.16171407699585;51.21348190307617;FS5075;  ;Mol;Mol;Antwerpen;copied observation;J;Goedgekeurd op basis van kennisregels - nabijheid;1980-01-01;3;;3;Planten;Juncaceae;2026-06-02;17123;S;zeer zeldzaam
140988964;140988964;Alpenrus;Juncus alpinoarticulatus;2017-06-28;6;2017-06-30;1;ter plaatse;onbekend;onbekend;onbekend;206505.81753427236;212216.47130833287;5.17749159;51.2171246;FS5276;Mol - Buitengoor N;Mol;Mol;Antwerpen;ObsMapp;J;Goedgekeurd op basis van kennisregels - nabijheid;2020-06-28;4;;25;Planten;Juncaceae;2026-06-02;17123;S;zeer zeldzaam
86600953;86600953;Alpenrus;Juncus alpinoarticulatus;2014-07-23;7;2014-07-24;1;ter plaatse;onbekend;onbekend;onbekend;205399.8330463627;211801.2567307325;5.1616;51.2135;FS5075;  ;Mol;Mol;Antwerpen;iObs;J;Goedgekeurd op basis van kennisregels - nabijheid;2015-07-23;3;;5;Planten;Juncaceae;2026-06-02;17123;S;zeer zeldzaam
140988938;140988938;Alpenrus;Juncus alpinoarticulatus;2017-06-28;6;2017-06-30;1;ter plaatse;onbekend;onbekend;onbekend;206391.42178674653;212216.5305944048;5.17585445;51.21713633;FS5176;Mol - Buitengoor N;Mol;Mol;Antwerpen;ObsMapp;J;Goedgekeurd op basis van kennisregels - nabijheid;2020-06-28;4;;25;Planten;Juncaceae;2026-06-02;17123;S;zeer zeldzaam
69189492;69189492;Alpenrus;Juncus alpinoarticulatus;2012-06-15;6;2012-06-15;1;ter plaatse;onbekend;onbekend;onbekend;206488.6484763175;212122.99418886375;5.177231300027912;51.21628612185;FS5276;Mol - Buitengoor;Mol;Mol;Antwerpen;Unknown;J;Goedgekeurd op basis van kennisregels - nabijheid;1980-01-01;3;;999;Planten;Juncaceae;2026-06-02;17123;S;zeer zeldzaam
78214864;78214864;Alpenrus;Juncus alpinoarticulatus;2013-08-07;8;2013-08-08;1;ter plaatse;onbekend;onbekend;onbekend;206736.1545109216;212186.2625514176;5.1807832717896;51.216830473476;FS5276;Mol - Buitengoor en omgeving;Mol;Mol;Antwerpen;Site;J;Goedgekeurd op basis van bewijsmateriaal;1980-01-01;3;;100;Planten;Juncaceae;2026-06-02;17123;S;zeer zeldzaam
359510816;359510816;Alpenrus;Juncus alpinoarticulatus;2025-06-28;6;2025-06-28;1;ter plaatse;veldwaarneming;onbekend;onbekend;206436.79143654037;211903.80307337732;5.176455020904541;51.21432113647461;FS5275;Mol - Buitengoor;Mol;Mol;Antwerpen;ObsMapp;J;Goedgekeurd op basis van kennisregels - nabijheid;1980-01-01;3;;3;Planten;Juncaceae;2026-06-02;17123;S;zeer zeldzaam
104133812;104133812;Alpenrus;Juncus alpinoarticulatus;2015-07-07;7;2015-07-07;1;ter plaatse;onbekend;onbekend;onbekend;206448.3643783016;212124.60385734867;5.17665504444;51.2163045337;FS5276;Mol - Buitengoor N;Mol;Mol;Antwerpen;Site;J;Goedgekeurd op basis van kennisregels - nabijheid;1980-01-01;4;;288;Planten;Juncaceae;2026-06-02;17123;S;zeer zeldzaam
223173685;223173685;Alpenrus;Juncus alpinoarticulatus;2021-08-08;8;2021-08-16;50;ter plaatse;onbekend;onbekend;onbekend;205401.75379985943;211786.6998841511;5.16162526;51.21336898;FS5075;  ;Mol;Mol;Antwerpen;Site;J;Goedgekeurd op basis van kennisregels - nabijheid;1980-01-01;3;;10;Planten;Juncaceae;2026-06-02;17123;S;zeer zeldzaam
140989005;140989005;Alpenrus;Juncus alpinoarticulatus;2017-06-27;6;2017-06-30;1;ter plaatse;onbekend;onbekend;onbekend;206653.7646907808;212173.0521885036;5.17960211;51.21671984;FS5276;Mol - Buitengoor N;Mol;Mol;Antwerpen;ObsMapp;J;Goedgekeurd op basis van kennisregels - nabijheid;2020-06-27;4;;25;Planten;Juncaceae;2026-06-02;17123;S;zeer zeldzaam
120275936;120275936;Alpenrus;Juncus alpinoarticulatus;2016-06-22;6;2016-06-23;1;ter plaatse;onbekend;bloeiend;onbekend;206695.88787446535;212141.4873556737;5.1802000000000135;51.216432;FS5276;Mol - Buitengoor;Mol;Mol;Antwerpen;ObsMapp;J;Goedgekeurd op basis van kennisregels - automatische beeldherkenning (NIA);2016-07-30;4;Plantenwerkgroep Oost-Brabant;25;Planten;Juncaceae;2026-06-02;17123;S;zeer zeldzaam
281556757;281556757;Alpenrus;Juncus alpinoarticulatus;2023-07-21;7;2023-07-23;5;ter plaatse;onbekend;vruchtdragend;onbekend;206490.56459447768;212227.36440630816;5.177275000000009;51.217224;FS5276;Mol - Buitengoor N;Mol;Mol;Antwerpen;ObsMapp;J;Goedgekeurd op basis van bewijsmateriaal;1980-01-01;3;;8;Planten;Juncaceae;2026-06-02;17123;S;zeer zeldzaam
62375448;62375448;Alpenrus;Juncus alpinoarticulatus;1997-05-25;5;2012-01-01;1;ter plaatse;onbekend;onbekend;onbekend;206104.4386521881;211889.2291642716;5.17169665389;51.2142225744;FS5175;Mol - Buitengoor en Meergoor;Mol;Mol;Antwerpen;Unknown;J;Goedgekeurd op basis van expertoordeel;1980-01-01;4;;980;Planten;Juncaceae;2026-06-02;17123;S;zeer zeldzaam
281580150;281580150;Alpenrus;Juncus alpinoarticulatus;2023-07-21;7;2023-07-23;1;ter plaatse;onbekend;bloeiend;onbekend;206524.952623318;212194.6474300465;5.177762031555176;51.21692657470703;FS5276;Mol - Buitengoor N;Mol;Mol;Antwerpen;ObsMapp;J;Goedgekeurd op basis van expertoordeel;1980-01-01;3;;3;Planten;Juncaceae;2026-06-02;17123;S;zeer zeldzaam
247943718;247943718;Alpenrus;Juncus alpinoarticulatus;2022-07-04;7;2022-07-04;30;ter plaatse;onbekend;vruchtdragend;onbekend;205396.84293194884;211813.6417776272;5.16155910491943;51.2136116027832;FS5075;  ;Mol;Mol;Antwerpen;ObsMapp;J;Goedgekeurd op basis van expertoordeel;2007-01-01;4;;8;Planten;Juncaceae;2026-06-02;17123;S;zeer zeldzaam
